operator,pcell
att,5330-176
att,5330-322
att,5330-84
att,5330-18
att,5330-370
att,5330-347
att,5330-25
att,5330-71
att,5330-327
att,5330-431
att,5330-100
att,5330-264
att,5330-439
att,5330-255
att,5330-265
att,5330-266
att,5330-185
att,5330-23
att,5330-464
att,5330-288
att,5330-70
att,5330-393
att,5330-402
att,5330-477
att,5330-59
att,5330-362
att,5330-257
att,5330-385
att,5330-281
att,5330-293
att,5330-273
att,5330-428
att,5330-76
att,5330-38
att,5330-207
att,5330-178
att,5330-104
att,5330-337
att,5330-108
att,5330-355
att,5330-376
att,5330-189
att,5330-172
att,5330-203
att,5330-406
att,5330-336
att,5330-343
